{
  "lang":"en",
  "name":"pipeline",
  "version":"0.0.0",
  "spacy_version":">=3.2.1,<3.3.0",
  "description":"",
  "author":"",
  "email":"",
  "url":"",
  "license":"",
  "spacy_git_version":"800737b41",
  "vectors":{
    "width":0,
    "vectors":0,
    "keys":0,
    "name":null,
    "mode":"default"
  },
  "labels":{
    "tok2vec":[

    ],
    "ner":[
      "CLAIM",
      "CONCLUDING STATEMENT",
      "COUNTERCLAIM",
      "EVIDENCE",
      "LEAD",
      "POSITION",
      "REBUTTAL"
    ]
  },
  "pipeline":[
    "tok2vec",
    "ner"
  ],
  "components":[
    "tok2vec",
    "ner"
  ],
  "disabled":[

  ],
  "performance":{
    "ents_f":0.1103620474,
    "ents_p":0.0867687475,
    "ents_r":0.1515775034,
    "ents_per_type":{
      "LEAD":{
        "p":0.0145985401,
        "r":0.024691358,
        "f":0.0183486239
      },
      "COUNTERCLAIM":{
        "p":0.130952381,
        "r":0.130952381,
        "f":0.130952381
      },
      "CLAIM":{
        "p":0.16772554,
        "r":0.2319859402,
        "f":0.1946902655
      },
      "EVIDENCE":{
        "p":0.0475543478,
        "r":0.162412993,
        "f":0.0735680504
      },
      "CONCLUDING STATEMENT":{
        "p":0.1904761905,
        "r":0.0357142857,
        "f":0.0601503759
      },
      "POSITION":{
        "p":0.0434782609,
        "r":0.0198019802,
        "f":0.0272108844
      },
      "REBUTTAL":{
        "p":0.0,
        "r":0.0,
        "f":0.0
      }
    },
    "tok2vec_loss":18868.628632158,
    "ner_loss":13518.3867706382
  }
}